sparql, precision, recall, fmeasure, explain, evict, memory
10, 1.0, 0.003927625772285967, 0.00782239736642352, 149539, 123, 20
