sparql, precision, recall, fmeasure, explain, evict, memory
15, 1.0, 0.018111944689614592, 0.03557636463532758, 351415, 2575, 21
