sparql, precision, recall, fmeasure, explain, evict, memory
15, 1.0, 0.0023736927973468133, 0.004736078797953384, 153, 74
