sparql, precision, recall, fmeasure, explain, evict, memory
14, 0.2727272727272727, 1.0029687876113295E-5, 2.0058638085336132E-5, 58, 23
