sparql, precision, recall, fmeasure, explain, evict, memory
14, 1.0, 0.0036976115969937677, 0.007366198938318903, 60, 17
