sparql, precision, recall, fmeasure, explain, evict, memory
11, 1.0, 7.187942977881196E-4, 0.0014364719180255231, 78, 41
