sparql, precision, recall, fmeasure, explain, evict, memory
15, 1.0, 8.424937815935167E-4, 0.0016835326444462762, 77, 24
