sparql, precision, recall, fmeasure, explain, evict, memory
126, 1.0, 0.031459787638075366, 0.060941973658387244, 237, 25
