sparql, precision, recall, fmeasure, explain, evict, memory
15, 1.0, 0.004095455882746262, 0.008155619659249781, 73, 17
