sparql, precision, recall, fmeasure, explain, evict, memory
11, 1.0, 8.658963866377811E-4, 0.0017301844578006458, 71, 54
