sparql, precision, recall, fmeasure, explain, evict, memory
16, 1.0, 0.004393003289737624, 0.00874543820908861, 81, 16
