sparql, precision, recall, fmeasure, explain, evict, memory
272, 1.0, 0.017327957420631736, 0.03406341454102055, 296, 28
