sparql, precision, recall, fmeasure, explain, evict, memory
10, 1.0, 7.154510684960817E-4, 0.0014298401879510821, 89, 86
