sparql, precision, recall, fmeasure, explain, evict, memory
11, 1.0, 1.6716146460188825E-4, 3.3426638233672185E-4, 71, 26
