sparql, precision, recall, fmeasure, explain, evict, memory
10, 1.0, 8.057182593811014E-4, 0.0016100732307049647, 78, 62
