sparql, precision, recall, fmeasure, explain, evict, memory
13, 1.0, 7.722859664607239E-4, 0.0015433397692997536, 51, 67
