sparql, precision, recall, fmeasure, explain, evict, memory
65, 1.0, 0.03747760036374334, 0.07203998575675015, 129, 21
