sparql, precision, recall, fmeasure, explain, evict, memory
3, 1.0, 3.677552221241541E-5, 7.354833964623248E-5, 0, 41, 60
3, 0, 0, 0, 0, 43, 61
3, 0, 0, 0, 0, 41, 63
3, 1.0, 3.677552221241541E-5, 7.354833964623248E-5, 0, 43, 64
3, 1.0, 3.677552221241541E-5, 7.354833964623248E-5, 0, 41, 65
3, 0, 0, 0, 0, 43, 66
3, 0, 0, 0, 0, 42, 68
3, 1.0, 3.677552221241541E-5, 7.354833964623248E-5, 0, 42, 69
3, 0, 0, 0, 0, 40, 70
4, 1.0, 3.677552221241541E-5, 7.354833964623248E-5, 0, 41, 71
3, 0, 0, 0, 0, 41, 73
3, 1.0, 3.677552221241541E-5, 7.354833964623248E-5, 0, 42, 74
3, 0, 0, 0, 0, 42, 75
3, 1.0, 3.677552221241541E-5, 7.354833964623248E-5, 0, 44, 77
3, 1.0, 3.677552221241541E-5, 7.354833964623248E-5, 0, 40, 41
3, 0, 0, 0, 0, 43, 42
3, 1.0, 3.677552221241541E-5, 7.354833964623248E-5, 0, 42, 43
3, 0, 0, 0, 0, 42, 44
3, 1.0, 3.677552221241541E-5, 7.354833964623248E-5, 0, 41, 46
3, 0, 0, 0, 0, 41, 47
3, 1.0, 3.677552221241541E-5, 7.354833964623248E-5, 0, 0, 48
