sparql, precision, recall, fmeasure, explain, evict, memory
3, 1.0, 3.677552221241541E-5, 7.354833964623248E-5, 0, 40, 42
3, 1.0, 3.677552221241541E-5, 7.354833964623248E-5, 0, 39, 42
3, 1.0, 3.677552221241541E-5, 7.354833964623248E-5, 0, 39, 43
3, 1.0, 3.677552221241541E-5, 7.354833964623248E-5, 0, 40, 44
3, 0, 0, 0, 0, 40, 44
3, 1.0, 3.677552221241541E-5, 7.354833964623248E-5, 0, 40, 45
3, 0, 0, 0, 0, 39, 46
3, 0, 0, 0, 0, 42, 46
3, 1.0, 3.677552221241541E-5, 7.354833964623248E-5, 0, 40, 47
4, 0, 0, 0, 0, 38, 48
3, 0, 0, 0, 0, 41, 48
3, 0, 0, 0, 0, 39, 49
3, 0, 0, 0, 0, 40, 50
3, 1.0, 3.677552221241541E-5, 7.354833964623248E-5, 0, 41, 50
3, 0, 0, 0, 0, 39, 51
3, 0, 0, 0, 0, 40, 52
3, 0, 0, 0, 0, 41, 52
3, 1.0, 3.677552221241541E-5, 7.354833964623248E-5, 0, 40, 53
4, 0, 0, 0, 0, 40, 54
3, 0, 0, 0, 0, 39, 54
3, 0, 0, 0, 0, 0, 55
