sparql, precision, recall, fmeasure, explain, evict, memory
5, 0.9090909090909091, 1.1701302522132179E-4, 2.3398745160730717E-4, 0, 13, 35
