sparql, precision, recall, fmeasure, explain, evict, memory
6, 1.0, 7.154510684960819E-4, 0.0014297915995662288, 0, 375, 38
