sparql, precision, recall, fmeasure, explain, evict, memory
6, 1.0, 7.087646099120062E-4, 0.0014164697438233149, 0, 115, 26
