sparql, precision, recall, fmeasure, explain, evict, memory
5, 1.0, 2.1396667469041696E-4, 4.278384545389771E-4, 9452, 34, 37
