sparql, precision, recall, fmeasure, explain, evict, memory
6, 1.0, 3.677552221241541E-5, 7.354833964623248E-5, 3248, 10, 55
