sparql, precision, recall, fmeasure, explain, evict, memory
6, 1.0, 7.82315654336837E-4, 0.0015633498092904833, 0, 937, 35
