sparql, precision, recall, fmeasure, explain, evict, memory
10, 1.0, 0.0023597626752966563, 0.0047083318591266896, 0, 6578, 61
