sparql, precision, recall, fmeasure, explain, evict, memory
5, 1.0, 2.173099039824547E-4, 4.3452368347950794E-4, 8692, 13, 26
