sparql, precision, recall, fmeasure, explain, evict, memory
6, 1.0, 7.428655486907914E-4, 0.0014845727414495107, 33534, 15, 23
