sparql, precision, recall, fmeasure, explain, evict, memory
10, 1.0, 8.412400706090026E-4, 0.001680969876685474, 26643, 61, 26
