sparql, precision, recall, fmeasure, explain, evict, memory
5, 0.8181818181818182, 3.0089063628339884E-5, 6.017591425600839E-5, 0, 9, 58
