sparql, precision, recall, fmeasure, explain, evict, memory
10, 1.0, 0.00293468667255075, 0.005851642952547709, 0, 86, 29
