sparql, precision, recall, fmeasure, explain, evict, memory
7, 1.0, 7.890021129209128E-4, 0.0015767565459133665, 0, 16, 34
