sparql, precision, recall, fmeasure, explain, evict, memory
9, 1.0, 0.0030278513288222023, 0.006036728242827155, 148907, 509, 23
