sparql, precision, recall, fmeasure, explain, evict, memory
6, 1.0, 0.0013072026531867659, 0.002610647731246641, 35524, 376, 33
