sparql, precision, recall, fmeasure, explain, evict, memory
5, 1.0, 7.355104442483083E-4, 0.001469881448443512, 30298, 13, 36
