sparql, precision, recall, fmeasure, explain, evict, memory
6, 1.0, 8.090614886731391E-4, 0.0016167382483757617, 27633, 16, 22
