sparql, precision, recall, fmeasure, explain, evict, memory
6, 1.0, 7.584951456310681E-4, 0.0015157400452281546, 0, 117, 26
