sparql, precision, recall, fmeasure, explain, evict, memory
6, 1.0, 8.017063842306561E-4, 0.0016020555883394095, 0, 28, 27
