sparql, precision, recall, fmeasure, explain, evict, memory
5, 1.0, 8.926422209740835E-4, 0.0017836838603218586, 28554, 13, 32
