sparql, precision, recall, fmeasure, explain, evict, memory
5, 0.9090909090909091, 1.1701302522132178E-4, 2.3398794302366066E-4, 0, 50, 26
