sparql, precision, recall, fmeasure, explain, evict, memory
5, 1.0, 2.1396667469041696E-4, 4.278399288965937E-4, 10578, 6, 37
