sparql, precision, recall, fmeasure, explain, evict, memory
17, 1.0, 0.002350290192302549, 0.0046894630885669945, 83, 19
