sparql, precision, recall, fmeasure, explain, evict, memory
12, 1.0, 7.187942977881196E-4, 0.0014364719180255231, 81, 49
