sparql, precision, recall, fmeasure, explain, evict, memory
15, 1.0, 0.004202439220091472, 0.00836801733711518, 110, 60
