sparql, precision, recall, fmeasure, explain, evict, memory
17, 1.0, 0.00433951162106502, 0.00863906270261052, 81, 39
