sparql, precision, recall, fmeasure, explain, evict, memory
11, 1.0, 1.2704271309743509E-4, 2.540485474793719E-4, 58, 110
