sparql, precision, recall, fmeasure, explain, evict, memory
14, 1.0, 0.01557443365695793, 0.03067096217492518, 0, 75013, 37
