sparql, precision, recall, fmeasure, explain, evict, memory
5, 1.0, 7.054213806199685E-4, 0.0014098012031167942, 0, 129, 25
