sparql, precision, recall, fmeasure, explain, evict, memory
6, 1.0, 8.237716975581053E-4, 0.0016461175950904627, 0, 21, 26
