sparql, precision, recall, fmeasure, explain, evict, memory
6, 1.0, 8.124047179651771E-4, 0.0016234789978558887, 0, 18, 33
