sparql, precision, recall, fmeasure, explain, evict, memory
168, 1.0, 0.026083039129155633, 0.05076494639540232, 0, 29089, 37
