sparql, precision, recall, fmeasure, explain, evict, memory
7, 1.0, 8.017063842306561E-4, 0.0016020901292605936, 0, 18, 22
