sparql, precision, recall, fmeasure, explain, evict, memory
9, 1.0, 0.003648131803471609, 0.007268587939443458, 0, 110, 30
