sparql, precision, recall, fmeasure, explain, evict, memory
10, 1.0, 0.002390408943807002, 0.004769378536581974, 0, 4966, 62
