sparql, precision, recall, fmeasure, explain, evict, memory
10, 1.0, 0.0023720211827007944, 0.004732753578529821, 0, 6638, 76
