sparql, precision, recall, fmeasure, explain, evict, memory
9, 1.0, 0.0038920761008139648, 0.007751487197851875, 159043, 1885, 37
