sparql, precision, recall, fmeasure, explain, evict, memory
5, 1.0, 2.173099039824547E-4, 4.345241749501156E-4, 10134, 10, 27
