sparql, precision, recall, fmeasure, explain, evict, memory
9, 1.0, 9.561635775228007E-4, 0.0019104950100993032, 35471, 40, 23
