sparql, precision, recall, fmeasure, explain, evict, memory
121, 1.0, 0.016466240070609, 0.03239878147158207, 0, 54845, 32
