sparql, precision, recall, fmeasure, explain, evict, memory
7, 1.0, 8.531921153280376E-4, 0.0017048827629499406, 36011, 19, 26
