sparql, precision, recall, fmeasure, explain, evict, memory
6, 1.0, 7.906737275669314E-4, 0.0015799705923902464, 30052, 62, 25
