sparql, precision, recall, fmeasure, explain, evict, memory
9, 1.0, 0.02142174168873198, 0.041914725298700745, 373108, 4527, 23
